url,live_title,local_title,title_match,live_meta_description,local_meta_description,desc_match,live_h1,local_h1,h1_match,live_words,local_words,word_change_pct,live_body_internal_links,local_body_internal_links,body_links_lost,local_total_inlinks,live_schema,local_schema
/,POS | Best POS Software | Point of Sale Systems in Pakistan,POS | Best POS Software | Point of Sale Systems in Pakistan,True,Discover POS system for small business | best POS software & point of sale systems designed to simplify operations. Get all-in-one point of sale in Pakistan,Discover POS system for small business | best POS software & point of sale systems designed to simplify operations. Get all-in-one point of sale in Pakistan,True,Best POS Software in Pakistan,Best POS Software in Pakistan,True,2789,815,-71,13,13,/industries/cafe /industries/electric-store /industries/furniture-store /industries/jewellery-shop /industries/manufacturing-industries /industries/toys-store,58,BreadcrumbList FAQPage ImageObject Organization WebPage WebSite,Answer Brand FAQPage Offer Organization Product/SoftwareApplication Question WebSite
/about/,About Us | Our Mission | Our Vission - Hulm Solutions,About Us | Our Mission | Our Vision - Hulm Solutions,False,"Learn about HULM Solutions' mission to deliver innovative POS software and our vision to revolutionize business operations with efficient, scalable solutions","Learn about HULM Solutions' mission to deliver innovative POS software and our vision to revolutionize business operations with efficient, scalable solutions",True,About  Us,About Us,False,874,1016,16,0,0,,58,BreadcrumbList ImageObject Organization WebPage WebSite,Organization WebSite
/author/,Author Profile | HULM POS & Business Software Insights,Author Profile | HULM POS & Business Software Insights,True,"Explore articles by HULM's team on POS software, FBR compliance, inventory, and business management tips for retailers and SMEs across Pakistan.","Explore articles by HULM's team on POS software, FBR compliance, inventory, and business management tips for retailers and SMEs across Pakistan.",True,Aamir Khan,Aamir Khan,True,517,517,0,9,9,,0,BreadcrumbList Organization WebPage WebSite,BreadcrumbList EntryPoint ImageObject ListItem Organization PropertyValueSpecification ReadAction SearchAction WebPage WebSite
/blog/best-free-pos-software-and-system/,Best Free POS Software in Pakistan,Best Free POS Software - Hulm Insights,False,"Discover HulmPOS, the best free POS software! Try our free POS system for easy sales management. Get started with free POS software today!",Free HulmPOS Software & System,False,Best Free POS Software,Best Free POS Software,True,939,1000,6,17,14,/author /blog/pos-reconciliation /blog/what-is-a-pos-person-meaning-and-responsibilities /blog/what-is-a-pos-purchase /blog/what-is-pos-skills-understand-pos-skill-meaning,4,Article BreadcrumbList ImageObject Organization Person WebPage WebSite,Article Organization WebSite
/blog/best-point-of-sale-system-for-small-business-in-pakistan/,Best Point of Sale (POS) System for Small Business in Pakistan,Best Point of Sale (POS) System for Small Business in Pakistan - Hulm Insights,False,"Hulm POS: POS system for small businesses in Pakistan. Reliable, cost-effective & best point of sale (pos) software in Pakistan","Running a small business means keeping track of sales, stock, customers, employees, and money every day. A POS system can bring those tasks together in one place. For a small shop or growing business, the right POS system for small business in Pakist",False,Best Point of Sale (POS) System for Small Business in Pakistan,Best Point of Sale (POS) System for Small Business in Pakistan,True,3570,3730,4,28,25,/author /blog/pos-reconciliation /blog/what-is-a-pos-person-meaning-and-responsibilities /blog/what-is-a-pos-purchase /blog/what-is-pos-skills-understand-pos-skill-meaning,7,Article BreadcrumbList ImageObject Organization Person Question WebPage/FAQPage WebSite,Article Organization WebSite
/blog/best-pos-system-for-retail/,Best POS System for Retail Stores in 2025: Get Free Demo!,Best POS System for Retail Stores in 2025: Get Free Demo! - Hulm Solutions,False,Discover best POS system for retail stores in 2026. Compare features & pricing of top solutions. Get a free demo or exclusive discounts!,"Compare the top 10 retail POS systems in 2026. Discover features, pricing, FBR compliance, and why HULM POS is built for growing retail stores.",False,Best POS System for Retail Stores in 2026 – Complete Guide,Best POS System for Retail Stores in 2026 – Complete Guide,True,2124,1740,-18,9,10,/author,14,Article BreadcrumbList ImageObject Organization Person Question WebPage/FAQPage WebSite,Organization WebSite
/blog/cloud-pos-software-for-retail-stores/,Retail Cloud POS - Cloud POS Software for Retail Stores,Retail Cloud POS Software for Retail Stores - Hulm Insights,False,"Explore the best Retail cloud POS software for retail stores! Streamline sales, manage inventory & boost customer satisfaction. Learn more!","The adoption of cloud POS software for retail stores is transforming the way retail businesses operate. Implementing a retail cloud POS, which enables streamlining operations, better tracking of sales, and improved customer experience. In contrast to",False,Retail Cloud POS Software for Retail Stores,Retail Cloud POS Software for Retail Stores,True,1001,1062,6,11,8,/author /blog/pos-reconciliation /blog/what-is-a-pos-person-meaning-and-responsibilities /blog/what-is-a-pos-purchase /blog/what-is-pos-skills-understand-pos-skill-meaning,6,Article BreadcrumbList ImageObject Organization Person WebPage WebSite,Article Organization WebSite
/blog/how-does-pos-machine-work/,How does a (Point of Sale) POS Machine work?,How does POS Machine work? - Hulm Insights,False,"Learn how POS machine works! Discover how does POS machine work & manage business. Explore benefits, challenges & types of POS machine","If you’ve ever visited a retail store or a restaurant, you must have seen a point of sale (POS) machine. Point-of-sale machines are vital for businesses so that they can prepare payments, stock levels, and sales. In this article, we’ll explore how do",False,How does POS Machine work?,How does POS Machine work?,True,1158,1243,7,10,7,/author /blog/pos-reconciliation /blog/what-is-a-pos-person-meaning-and-responsibilities /blog/what-is-a-pos-purchase /blog/what-is-pos-skills-understand-pos-skill-meaning,4,Article BreadcrumbList ImageObject Organization Person WebPage WebSite,Article Organization WebSite
/blog/pos-reconciliation/,"POS Reconciliation: Purpose, Benefits & 7 Steps to Do It Perfectly","POS Reconciliation: Purpose, Benefits & 7 Steps to Do It Perfectly - Hulm Insights",False,"Learn the purpose, benefits, and 7 steps of POS reconciliation. Ensure accurate records, prevent errors and boost business efficiency.","Business finances must be managed carefully, especially for companies that process numerous daily transactions. What is POS reconciliation? It is the process of making financial records accurate by matching POS sales information with bank statements ",False,"POS Reconciliation: Purpose, Benefits & 7 Steps to Do It Perfectly","POS Reconciliation: Purpose, Benefits & 7 Steps to Do It Perfectly",True,1294,1344,4,11,9,/author /blog/what-is-a-pos-person-meaning-and-responsibilities /blog/what-is-a-pos-purchase /blog/what-is-pos-skills-understand-pos-skill-meaning,8,Article BreadcrumbList ImageObject Organization Person Question WebPage/FAQPage WebSite,Article Organization WebSite
/blog/what-is-a-pos-person-meaning-and-responsibilities/,What is a POS Person? Meaning & Responsibilities,What is a POS Person? Meaning & Responsibilities - Hulm Insights,False,"Discover what is a POS Person: the role of a POS Person in managing transactions, handling payments & ensuring smooth customer service.","Many people often ask, “What is a POS Person?” including operators, cashiers and sales associates, who play a crucial role in retail and hospitality. POS jobs are in demand and growing rapidly.",False,What is a POS Person? Meaning & Responsibilities,What is a POS Person? Meaning & Responsibilities,True,1738,1824,5,18,17,/author /blog/cloud-pos-software-for-retail-stores /blog/what-is-a-pos-purchase,6,Article BreadcrumbList ImageObject Organization Person Question WebPage/FAQPage WebSite,Article Organization WebSite
/blog/what-is-a-pos-purchase/,"What is a POS Purchase? Meaning, Definition & How It Works","What is a POS Purchase? Meaning, Definition & How It Works - Hulm Insights",False,"Discover What Is a Point of Sale (POS) Purchase, Meaning & Definition. Learn How Point of Sale Purchase Work? and Why They Matter. Click to Explore Now!","Point of sale purchase in these modern days go beyond the traditional cash register purchase. Today’s systems are all integrated, cloud-based, and mobile, allowing businesses to sell anywhere, at any time. When one speaks of POS purchase, they are re",False,"What is a POS Purchase? Meaning, Definition & How It Works","What is a POS Purchase? Meaning, Definition & How It Works",True,3377,3451,2,14,15,/author,5,Article BreadcrumbList ImageObject Organization Person Question WebPage/FAQPage WebSite,Article Organization WebSite
/blog/what-is-point-of-sale-transaction/,What is Point of sale (POS) Transaction Meaning & Type?,What Is Point of Sale (POS)Transaction & Meaning - Hulm Insights,False,POS transaction made easy! Understand POS transaction meaning and explore transaction type POS to boost your business. Learn more now!,"When a consumer pays for products or services, a point of sale (POS) transaction occurs. The POS transaction meaning explains the process where payment is initiated and finalized using a point-of-sale system. It can happen in a physical store, online",False,What Is Point of Sale (POS)Transaction &  Meaning,What Is Point of Sale (POS)Transaction & Meaning,False,1756,1840,5,13,10,/author /blog/pos-reconciliation /blog/what-is-a-pos-person-meaning-and-responsibilities /blog/what-is-a-pos-purchase /blog/what-is-pos-skills-understand-pos-skill-meaning,8,Article BreadcrumbList FAQPage ImageObject Organization Person WebPage WebSite,Article Organization WebSite
/blog/what-is-pos-debit-meaning/,What is POS debit meaning (Debit Card POS Explained),What is POS Debit Meaning & Debit Card POS Transaction? - Hulm Insights,False,Learn the POS debit meaning and how debit card POS transactions differ from other types. Explore what is POS debit and how it works with your bank.,"If you see “POS Debit” on your bank statement? Don’t worry. The POS debit meaning is simple: you purchase with your debit card when you use a POS debit (by swiping, tapping or inserting it). POS means Point of Sale, which is the place where you buy s",False,What is POS Debit Meaning & Debit Card POS Transaction?,What is POS Debit Meaning & Debit Card POS Transaction?,True,2038,2166,6,15,14,/author /blog/cloud-pos-software-for-retail-stores /blog/what-is-a-pos-person-meaning-and-responsibilities,14,Article BreadcrumbList ImageObject Organization Person Question WebPage/FAQPage WebSite,Article Organization WebSite
/blog/what-is-pos-experience-12-tips-to-satisfy-your-customers/,What is POS Experience​? Meaning & How to improve it?,What is POS Experience​? 12 Tips to Satisfy Your Customers in 2025 - Hulm Insights,False,What is POS experience meaning? Boost your business with proven strategies & 12 expert tips to improve customer satisfaction in 2026.,"According to Forbes, the evolution of point-of-sale systems has transformed business operations, enhancing efficiency and customer experience. Today, delivering exceptional customer experience (CX) is a top business priority. According to research by",False,What is POS Experience​? 12 Tips to Satisfy Your Customers in 2025,What is POS Experience​? 12 Tips to Satisfy Your Customers in 2025,True,1757,1830,4,13,12,/author /blog/what-is-a-pos-purchase /blog/what-is-pos-skills-understand-pos-skill-meaning,6,Article BreadcrumbList ImageObject Organization Person Question WebPage/FAQPage WebSite,Article Organization WebSite
/blog/what-is-pos-skills-understand-pos-skill-meaning/,What is POS Skills? Learn POS Skill Meaning & Key Skills,What is POS skills? Understand POS skill meaning - Hulm Insights,False,Learn what is pos skills & pos skill meaning. Explore key POS skills you need to succeed in retail and customer service. Enhance your career today!,POS Skills Defination:,False,What is POS skills? Understand POS skill meaning,What is POS skills? Understand POS skill meaning,True,1721,1802,5,14,14,/author /blog/what-is-a-pos-purchase,6,Article BreadcrumbList ImageObject Organization Person Question WebPage/FAQPage WebSite,Article Organization WebSite
/blog/what-is-pos/,What’s a POS system? What does POS mean & How to use POS,What’s a POS system? What does POS mean & How to use POS,True,Learn what is POS system meaning & Point of sale definition. How does point of sale work? Discover systems to manage operations easily.,"Learn what a POS system is, what POS means, how point-of-sale hardware and software work, and how businesses use POS for sales, inventory and reporting.",False,What is POS System? What does POS mean & How to use POS System?,What is POS System? What does POS mean & How to use POS System?,True,2406,1669,-31,24,14,/author /blog/cloud-pos-software-for-retail-stores /blog/pos-reconciliation /blog/what-is-a-pos-person-meaning-and-responsibilities /blog/what-is-point-of-sale-transaction /blog/what-is-pos-experience-12-tips-to-satisfy-your-customers /blog/what-is-pos-skills-understand-pos-skill-meaning /customer-management /industries/clothing-store /industries/jewellery-shop /inventory-management /order-management /purchase-orders /reporting-module /vendors-management,12,Article BreadcrumbList FAQPage ImageObject Organization Person WebPage WebSite,Answer Article FAQPage Organization Question WebSite
/blogs/,Latest Insights & Trends | Hulm Solutions POS Blog,Insights & Blog - Hulm Solutions,False,"Stay updated with latest POS industry trends, expert tips & insights on Hulm Solutions POS Blog. Discover how to optimize your business","Read the latest news, guides, and insights from the Hulm POS team.",False,Insight That Drives Impact,Insights & Resources,False,359,646,80,7,14,,58,BreadcrumbList Organization WebPage WebSite,Organization WebSite
/cattle-management-software/,Best Cattle Management Software - Hulm Solutions,Best Cattle Management Software - Hulm Solutions,True,"Best cattle management software by Hulm Solutions to track livestock, manage farms, and boost productivity. Start your free trial today!","Best cattle management software by Hulm Solutions to track livestock, manage farms, and boost productivity. Start your free trial today!",True,Best Cattle Management Software to Simplify Your Farm Operations,Best Cattle Management Software to Simplify Your Farm Operations,True,1020,1318,29,2,3,/purchase-orders/#POcontact /reporting-module,0,BreadcrumbList ImageObject Organization WebPage WebSite,Organization WebSite
/contact/,Contact with Hulm Solutions Support Team for Any Query,Contact Us | Hulm Solutions - Run your business smarter,False,Get in touch with HULM Solutions for inquiries or support regarding our POS software. We're here to help optimize your business operations,"Run your business smarter, faster, better. Contact Hulm Solutions for personalized POS and business development.",False,"Run your business smarter, faster, better.","Run your business smarter, faster, better.",True,76,648,753,0,0,,58,BreadcrumbList Organization WebPage WebSite,Organization WebSite
/customer-management/,Customer Relationship Management System,Customer Relationship Management System - Hulm CRM,False,"Drive sales, improve customer satisfaction, and boost productivity with HULM Solutions CRM. Simplified and secure customer relationship management","Drive sales, improve customer satisfaction, and boost productivity with HULM Solutions CRM. Simplified and secure customer relationship management.",False,Streamline Your Business with Hulm Customer Relationship Management,Streamline Your Business with Hulm Customer Relationship Management,True,965,1244,29,2,3,/customer-management/#contactcustomer,58,BreadcrumbList ImageObject Organization WebPage WebSite,Organization WebSite
/fbr-integrated-pos-pakistan/,FBR Integrated POS Software in Pakistan | Hulm POS,FBR Integrated POS Software in Pakistan | Hulm POS,True,"Get FBR-compliant POS with automated tax invoicing, QR codes, and real-time reporting. Free FBR integration setup for retailers across Pakistan.","Get FBR-compliant POS with automated tax invoicing, QR codes, and real-time reporting. Free FBR integration setup for retailers across Pakistan.",True,Best FBR Integrated POS Software in Pakistan,Best FBR Integrated POS Software in Pakistan,True,574,945,65,0,1,,58,BreadcrumbList Organization WebPage WebSite,Organization WebSite
/features/,Hulm POS Software Features for Retail & Restaurants & More!,POS & Billing Features - Hulm Solutions,False,"Discover Hulm POS system features for retail & restaurants. Advanced POS software features to manage sales, inventory & staff. Book a demo!",Explore the powerful POS and billing features designed to accelerate your checkout process and secure your revenue.,False,Complete POS System Features for Modern Businesses,Powerful POS & Billing,False,1132,705,-38,0,0,,58,BreadcrumbList ImageObject Organization WebPage WebSite,Organization WebSite
/industries/,POS Software for All (Point of Sale) POS Industries,"POS Software by Industry | Retail, Restaurant & More | Hulm",False,"Explore Hulm POS Industries: POS systems for retail, restaurants, cafes, pharmacies, salons & all Industries. Boost productivity with reliable POS Software","Explore Hulm POS workflows for retail stores, restaurants, pharmacies, bakeries, salons, clothing stores and other growing businesses.",False,HulmPOS Software for All POS Industries,A POS setup shaped around the way your business sells,False,1121,565,-50,12,14,,58,BreadcrumbList ImageObject Organization WebPage WebSite,Organization WebSite
/industries/bakery-pos-system/,Bakery POS System & Software | POS System for Bakery,Bakery POS Software for Counter & Advance Orders | Hulm,False,"Discover HULM Bakery POS System and Software. The best POS system for bakery to manage sales, inventory & custom orders. Get a free demo today!","Explore Hulm bakery POS for counter billing, batch and expiry visibility, advance orders, products and sales reporting.",False,HULM Bakery POS System The Secret Ingredient to Your Bakery’s Success,Keep counter sales and advance bakery orders in one workflow,False,1166,590,-49,1,8,/industries/bakery-pos-system/#contactbakery,58,BreadcrumbList ImageObject Organization WebPage WebSite,Organization WebSite
/industries/cafe/,Cafe Point of Sale | Cafe POS System | Best Cafe POS,Cafe POS System Best POS for Cafe Management | Hulm Solutions,False,Hulm’s Cafe Point of Sale helps cafes serve faster & smarter. streamlines orders & inventory with Cafe POS System. Get Best Cafe POS now!,"Streamline sales, track inventory, and boost customer satisfaction with our Cafe POS System—perfect for fast-paced cafes and coffee shops.",False,Cafe POS System Best POS for Cafe Management,Cafe POS System Best POS for Cafe Management,True,1321,478,-64,1,7,/industries/cafe/#contactcafe,7,BreadcrumbList ImageObject Organization WebPage WebSite,Organization WebSite
/industries/clothing-store/,Best POS System for Clothing Store in Pakistan,Clothing Store POS for Variants & Inventory | Hulm,False,"Discover the Best Pos System for Clothing Store. Hulm Point of Sale Software for Clothing Store Streamlines Sales, Inventory & Customer Management","Explore Hulm clothing store POS for size and colour variants, barcode billing, exchanges, purchasing and branch stock.",False,Clothing Store POS System,"Keep every size, colour and sale connected to the right product",False,933,576,-38,1,8,/industries/clothing-store/#industrycloth,7,BreadcrumbList ImageObject Organization WebPage WebSite,Organization WebSite
/industries/electric-store/,POS System for electric Store in Pakistan,Electric Store POS System | Hulm Solutions,False,"Streamline your electric store operations with Best POS system in Pakistan. Hulm Solutions POS ensures efficient inventory, billing & sales management","Electronics POS is a specialized point-of-sale system designed to streamline sales, track serial numbers, and manage warranties for electric stores.",False,Electric Store POS System,Electric Store POS System,True,1028,399,-61,1,7,/industries/electric-store/#industryelectric,7,BreadcrumbList ImageObject Organization WebPage WebSite,Organization WebSite
/industries/furniture-store/,Best POS System for Furniture Store in Pakistan,Best POS System For Furniture Store | Hulm Solutions,False,"Discover Best POS system for furniture stores. Manage inventory, track sales and streamline operations with POS solutions for furniture businesses.","Furniture POS is a specialized point-of-sale system designed to streamline sales, manage inventory, and enhance customer service in furniture showrooms.",False,Best POS System For Furniture Store,Best POS System For Furniture Store,True,933,377,-60,1,7,/industries/furniture-store/#industryfurniture,6,BreadcrumbList ImageObject Organization WebPage WebSite,Organization WebSite
/industries/jewellery-shop/,Best POS System for Jewelry Store | Jewelry POS System,Best Jewelry POS System & Software | Hulm Solutions,False,"Discover the Best POS System for Jewelry Store. Use our Jewelry POS System to simplify sales, manage inventory, and get a free demo today!","Streamline sales, manage precious metals inventory, and delight customers with our Jewelry POS System—tailored for gold, diamond, and luxury jewelers.",False,Best Jewelry POS System & Software,Best Jewelry POS System & Software,True,1288,472,-63,1,7,/industries/jewellery-shop/#contactjewelry,6,BreadcrumbList ImageObject Organization WebPage WebSite,Organization WebSite
/industries/manufacturing-industries/,Pos System For Manufacturer Industries in Pakistan,Manufacturing Industry POS System | Hulm Solutions,False,Streamline operations with our POS system for manufacturer industries in Pakistan. Enhance inventory management & sales tracking with POS software,HULM POS has developed a dedicated Manufacturing POS System. Efficiency and accuracy are important attributes in manufacturing.,False,Manufacturing Industry POS System,Manufacturing Industry POS System,True,898,411,-54,1,7,/industries/manufacturing-industries/#industrymanufacturing,6,BreadcrumbList ImageObject Organization WebPage WebSite,Organization WebSite
/industries/pharmacy-store/,Pharmacy Point of Sale (POS) Systems - Start Free Trial Now!,Pharmacy POS Software for Stock & Billing | Hulm,False,"Run your pharmacy smarter with Pharmacy Point of Sale (POS) Systems. Save time, track sales & grow profits. Get started pharmacy POS now","Explore Hulm pharmacy POS for counter billing, product batches, expiry visibility, purchasing and branch reporting.",False,Pharmacy Point of Sale (POS) Systems,Keep pharmacy billing close to batch and expiry information,False,1021,573,-44,2,8,/industries/pharmacy-store/#contactpharmacy /logistics-management-software,58,BreadcrumbList ImageObject Organization WebPage WebSite,Organization WebSite
/industries/restaurant-pos/,Restaurant Point of Sale Software | Best Restaurant POS,Restaurant POS Software for Orders & Tables | Hulm,False,Looking for restaurant point of sale software? Try Hulm's best Restaurant POS System in Pakistan with fast setup & FBR integration. Get a free demo!,"Explore Hulm restaurant POS for menu management, order capture, tables, kitchen tickets and sales reporting.",False,Restaurant POS Software — The Complete Point of Sale System for Pakistani Restaurants,Move each order from the table or counter to billing with less friction,False,1429,581,-59,3,8,/inventory-management /logistics-management-software /pricing,58,BreadcrumbList ImageObject Organization WebPage WebSite,Organization WebSite
/industries/retail-store/,Best POS Systems for Retail Stores | Get Retail POS Free Demo,Retail POS Software for Stores & Branches | Hulm,False,Get Best Pos Systems for Retail Stores with Hulm Retail POS Software. The best POS System for Retail optimizes sales and stock control. Sign Up for Free Trial,"Explore Hulm retail POS for barcode billing, inventory, product variants, customer records and multi-branch visibility.",False,Retail Store POS System,Keep checkout and retail stock working from the same view,False,1071,621,-42,2,8,/customer-management /industries/retail-store/#industryretail,58,BreadcrumbList ImageObject Organization WebPage WebSite,Organization WebSite
/industries/salon-pos/,"Salon & Spa POS Software | Hair, Beauty, Nail Salon POS",Salon POS Software for Appointments & Billing | Hulm,False,"Get the Salon & Spa POS Software. We provide Hair, Beauty, Nail Salon POS System. Powerful Salon Point of Sale to Grow Your Business. Get Free Demo!","Explore Hulm salon POS for appointments, service billing, customer records, retail products and staff reporting.",False,Salon & Spa POS | Salon POS System and Software,"Bring appointments, service billing and retail products to one front desk",False,1447,503,-65,1,7,/industries/salon-pos/#contactsalon,58,BreadcrumbList ImageObject Organization WebPage WebSite,Organization WebSite
/industries/toys-store/,Toy Store Pos System | Pos For Toy Store in Pakistan,Toy Store POS System & Software in Pakistan | Hulm Solutions,False,"Boost your toy store sales with the Hulm POS system in Pakistan. Perfect Toy Store POS System for inventory, sales and customer management","Running a toy store is no child’s play—it needs efficient inventory management, good sales, and adaptability to seasonal demands. Hulm Toy Store POS delivers.",False,Toy Store POS System & Software in Pakistan,Toy Store POS System & Software in Pakistan,True,1347,515,-62,3,7,/industries/toys-store/#contacttoy /inventory-management,6,BreadcrumbList ImageObject Organization WebPage WebSite,Organization WebSite
/integration/,Hulm POS Integration | Rrestaurant & Retail POS Integrations,Integrations - Hulm Solutions,False,"Hulm POS system integration for retail, restaurants & Shopify. Boost sales with smart, reliable POS integrations. Start Free Demo Now!","Connect Hulm POS with FBR, WooCommerce, accounting software, and more.",False,"Hulm POS integration for retail, restaurants, Shopify & more!",Connect Your World,False,471,688,46,0,1,,58,BreadcrumbList ImageObject Organization WebPage WebSite,Organization WebSite
/inventory-management/,POS Inventory Management Software | Inventory Control Software,POS Inventory Management Software | Inventory Control Software,True,Optimize your business with the best inventory control software. Enhance efficiency & stock control with POS Inventory Management. Get Now!,Optimize your business with the best inventory control software. Enhance efficiency & stock control with Hulm POS Inventory Management. Free trial available.,False,Cloud Based Inventory Management Software,Cloud Based Inventory Management Software,True,1577,1249,-21,2,3,/inventory-management/#contactinventory,58,BreadcrumbList FAQPage ImageObject Organization WebPage WebSite,Organization WebSite
/logistics-management-software/,Logistics Management Software | Fleet Tracking Hulm,Logistics Management Software | Fleet Tracking Hulm,True,"Manage drivers, vehicles, and deliveries in real time with Hulm's Logistics Management Software — built for Pakistani retailers and distributors.","Manage drivers, vehicles, and deliveries in real time with Hulm's Logistics Management Software — built for Pakistani retailers and distributors.",True,Logistics Management Software - Complete Operational Control,Logistics Management Software - Complete Operational Control,True,1116,1174,5,2,3,/reporting-module/#contactreport,0,BreadcrumbList ImageObject Organization WebPage WebSite,Organization WebSite
/mobile-pos/,Best Mobile POS System | Mobile POS Software - Hulm POS,Best Mobile POS System | Mobile POS Software - Hulm POS,True,"Discover best mobile POS system for modern businesses. Our mobile POS software help manage sales, inventory, and payments anywhere.","Discover best mobile POS system for modern businesses. Our mobile POS software help manage sales, inventory, and payments anywhere on any smartphone.",False,Best Mobile POS System for Modern Business,Best Mobile POS System for Modern Business,True,1729,1309,-24,1,3,,1,BreadcrumbList ImageObject Organization WebPage WebSite,Organization WebSite
/order-management/,Order Management | Order Management System,Order Management | Order Management System - Hulm,False,"Optimize your Order Management with HULM Solutions Order Management System. Streamline order processing, improve accuracy, and enhance efficiency","Optimize your Order Management with HULM Solutions Order Management System. Streamline order processing, improve accuracy, and enhance efficiency.",False,Best Order Management Software - Hulm Solutions,Best Order Management Software - Hulm Solutions,True,1308,1277,-2,1,3,/order-management/#OMcontact,0,BreadcrumbList ImageObject Organization WebPage WebSite,Organization WebSite
/pos-case-studies/,POS Case Studies | Real Business Results with Hulm,Case Studies - Hulm Solutions,False,Read real success stories from Pakistani businesses using Hulm POS — from FBR-compliant retail to medical equipment distribution and beyond.,See how top businesses are transforming their operations with Hulm POS and Logistics software.,False,POS case studies,Customer Success Stories,False,205,1283,526,5,5,,58,BreadcrumbList Organization WebPage WebSite,Organization WebSite
/pos-case-studies/cupcake-queen-bakery-pos-qatar/,Cupcake Queen Bakery POS Case Study | Hulm Solutions,Cupcake Queen Bakery POS Case Study | Hulm Solutions,True,"How Cupcake Queen, a multi-branch Doha bakery, unified custom orders and reduced stock waste with Hulm's POS. Read the full case study.","How Cupcake Queen, a multi-branch Doha bakery, unified custom orders and reduced stock waste with Hulm's POS. Read the full case study.",True,Case Study: Cupcake Queen managed Three Branches with Hulm POS,Cupcake Queen Bakery POS,False,843,1229,46,5,7,/industries/retail-store /order-management /pricing /reporting-module,5,BreadcrumbList Organization WebPage WebSite,Organization WebSite
/pos-case-studies/farhan-caterers-pos-karachi/,Farhan Caterers POS Case Study: Event Catering in Karachi,Farhan Caterers POS Case Study: Event Catering in Karachi,True,How Farhan Caterers streamlined event bookings and automated FBR tax filing with Hulm POS. Read the full Karachi catering business case study.,How Farhan Caterers streamlined event bookings and automated FBR tax filing with Hulm POS. Read the full Karachi catering business case study.,True,Case Study: Hulm POS Makes Management Easy for Farhan Caterers,Farhan Caterers POS,False,771,1221,58,5,7,/fbr-integrated-pos-pakistan /industries/retail-store /order-management /pricing,5,BreadcrumbList Organization WebPage WebSite,Organization WebSite
/pos-case-studies/implementing-a-pos-system-for-retail-the-laptop-store/,Implementation Hulm POS System for Retail: The Laptop Store,Implementation Hulm POS System for Retail: The Laptop Store,True,"Explore how POS System for retail transformed operations. Learn how efficient transactions, inventory management and tax compliance drove growth with Hulm POS","Explore how POS System for retail transformed operations. Learn how efficient transactions, inventory management and tax compliance drove growth with Hulm POS.",False,Case Study: Retail POS Software for The Laptop Store,Retail POS Systems for The Laptop Store,False,729,1292,77,5,7,/fbr-integrated-pos-pakistan /industries/electric-store /industries/retail-store /pricing,6,BreadcrumbList ImageObject Organization WebPage WebSite,Organization WebSite
/pos-case-studies/implementing-pos-systems-for-medical-euquipment-industry/,Medical Equipment POS Case Study | Elate CC & Hulm,Medical Equipment POS Case Study | Elate CC & Hulm,True,"See how Elate CC Pvt Ltd, a leading medical devices and surgical supplies distributor, streamlined operations and FBR compliance with Hulm's POS system.","See how Elate CC Pvt Ltd, a leading medical devices and surgical supplies distributor, streamlined operations and FBR compliance with Hulm's POS system.",True,Case Study: Implementing POS Systems for Elate CC Pvt Ltd,Medical POS Systems for Elate CC Pvt Ltd,False,635,1203,89,6,7,/fbr-integrated-pos-pakistan /industries/pharmacy-store /inventory-management /pricing /reporting-module,5,BreadcrumbList ImageObject Organization WebPage WebSite,Organization WebSite
/pos-case-studies/real-tech-pos-system-karachi/,Real Tech System POS Case Study: Retail POS in Karachi,Real Tech System POS Case Study: Retail POS in Karachi,True,Real Tech System reduced warranty-claim handling time and automated FBR filing with Hulm POS. Read the full Karachi computer retail case study.,Real Tech System reduced warranty-claim handling time and automated FBR filing with Hulm POS. Read the full Karachi computer retail case study.,True,Case Study: Retail POS Systems for Real Tech System,Retail POS Systems for Real Tech System,False,642,1189,85,4,7,/fbr-integrated-pos-pakistan /pricing /reporting-module,5,BreadcrumbList Organization WebPage WebSite,Organization WebSite
/pos-software-ksa/,POS | Point of Sale Software in Saudi Arabia | POS in KSA,POS | Point of Sale Software in Saudi Arabia | POS in KSA,True,Discover Point of Sale POS Software designed to simplify businesses operations with a POS system in Saudi Arabia. Get Free POS Demo Now!,Discover Point of Sale POS Software designed to simplify businesses operations with a POS system in Saudi Arabia. Get Free POS Demo Now!,True,Best Point of Sale in Saudi Arabia | POS Software in KSA,Best Point of Sale in Saudi Arabia | POS Software in KSA,True,1742,1690,-3,12,18,,58,BreadcrumbList ImageObject Organization WebPage WebSite,Organization WebSite
/pos-software-qatar/,Point of Sale in Qatar | POS Qatar | POS System Qatar,Point of Sale in Qatar | POS Qatar | POS System Qatar,True,Looking for best POS system in Qatar? Our cloud POS and mobile POS help businesses to manage sales easily. Try Point of sale in Qatar now!,Looking for best POS system in Qatar? Our cloud POS and mobile POS help businesses to manage sales easily. Try Point of sale in Qatar now!,True,Point of Sale in Qatar | Cloud POS System Qatar,Point of Sale in Qatar | Cloud POS System Qatar,True,1698,1675,-1,12,18,,58,BreadcrumbList ImageObject Organization WebPage WebSite,Organization WebSite
/pos-software-uae/,Point of Sale Software in UAE | Best POS Software Dubai,Point of Sale Software in UAE | Best POS Software Dubai,True,"Discover Point of Sale Software in UAE designed for Restaurant, Retail, Grocery & Salon POS Software. Get Free POS System UAE Now!","Discover Point of Sale Software in UAE designed for Restaurant, Retail, Grocery & Salon POS Software. Get Free POS System UAE Now!",True,"Restaurant, Retail, Grocery & Salon POS Software in UAE","Restaurant, Retail, Grocery & Salon POS Software in UAE",True,1766,1707,-3,12,18,,58,BreadcrumbList ImageObject Organization WebPage WebSite,Organization WebSite
/pos-software-usa/,Best Point of Sale (POS) Software in USA | Hulm POS,Best Point of Sale (POS) Software in USA | Hulm POS,True,Discover Point of Sale (POS) Software designed to simplify businesses operations with Cloud Based POS software in USA. Get Free POS Demo Now!,Discover Point of Sale (POS) Software designed to simplify businesses operations with Cloud Based POS software in USA. Get Free POS Demo Now!,True,Best Point of Sale (POS) Software in USA,Best Point of Sale (POS) Software in USA,True,1605,1690,5,12,18,,58,BreadcrumbList ImageObject Organization WebPage WebSite,Organization WebSite
/pricing/,Hulm POS Software Price in Pakistan | Hulm Solutions,"Hulm POS Pricing | Plans from PKR 2,500",False,"Explore Hulm POS software price in Pakistan. Get fast, reliable billing and inventory tools for business. Compare plans and get started today!","Compare Hulm POS plans for single-location, growing and multi-branch businesses. Start with a 14-day trial or book a pricing walkthrough.",False,Simple Pricing for Every Business,Choose the level of control your business needs,False,1460,612,-58,0,1,,58,BreadcrumbList Organization WebPage WebSite,Organization WebSite
/privacy-policy/,Privacy Policy | HulmSolutions – Protecting Your Privacy,Privacy Policy | HulmSolutions – Protecting Your Privacy,True,"Hulmsolutions Privacy Policy explains how we collect, use & protect your personal information. Feel confident in your data security with us.","Hulm Solutions' Privacy Policy explains how we collect, use, store and protect personal and business information.",False,Privacy Policy,Privacy Policy,True,485,451,-7,0,0,,58,BreadcrumbList Organization WebPage WebSite,Organization WebSite
/purchase-orders/,Purchase Order | Purchase Order Management Software,Purchase Order | Purchase Order Management Software - Hulm,False,"Streamline your procurement process with Purchase Order Management Software. Improve efficiency, accuracy & control over orders, all while reducing costs","Streamline your procurement process with Purchase Order Management Software. Improve efficiency, accuracy & control over orders, all while reducing costs.",False,Purchase Order Management Software - PO Software by Hulm,Purchase Order Management Software - PO Software by Hulm,True,1334,1313,-2,2,3,/purchase-orders/#POcontact,58,BreadcrumbList FAQPage ImageObject Organization WebPage WebSite,Organization WebSite
/reporting-module/,Reporting & Analytics Module | POS Insights by Hulm,Reporting & Analytics Module | POS Insights by Hulm,True,"Turn sales data into insights with Hulm's Reporting Module. Real-time dashboards, KPI tracking, and automated reports for smarter business decisions.","Turn sales data into insights with Hulm's Reporting Module. Real-time dashboards, KPI tracking, and automated reports for smarter business decisions.",True,Streamline Your Business with Hulm Reporting Module,Streamline Your Business with Hulm Reporting Module,True,893,1251,40,2,3,/reporting-module/#contactreport,58,BreadcrumbList ImageObject Organization WebPage WebSite,Organization WebSite
/terms-and-conditions/,Terms & Conditions | HulmSolutions – Know Your Rights,Terms & Conditions | HulmSolutions – Know Your Rights,True,"By using HulmSolutions, you agree to our Terms and Conditions. Take a moment to understand how our services work and your rights while using our website.","Read the terms governing use of the Hulm Solutions website, Hulm POS software and related services.",False,Terms and Conditions,Terms and Conditions,True,553,463,-16,1,1,,58,BreadcrumbList Organization WebPage WebSite,Organization WebSite
/vendors-management/,Vendor Management System | Supplier Tools by Hulm,Vendor Management System | Supplier Tools by Hulm,True,"Simplify supplier relationships with Hulm's Vendor Management System. Track performance, automate orders, and centralize vendor data in one platform.","Simplify supplier relationships with Hulm's Vendor Management System. Track performance, automate orders, and centralize vendor data in one platform.",True,Streamline Your Business with Hulm Vendor Management System,Streamline Your Business with Hulm Vendor Management System,True,929,1266,36,2,3,/vendors-management/#contactvendor,1,BreadcrumbList ImageObject Organization WebPage WebSite,Organization WebSite
/website/,One-Click Ecommerce Store | Launch Your Shop Instantly,One-Click Ecommerce Store | Launch Your Shop Instantly - Hulm,False,"Start selling online with Hulm’s one-click ecommerce store. Fast setup, management, & integrations to grow your business. Get your free demo!","Start selling online with Hulm's one-click ecommerce store. Fast setup, management, & integrations to grow your business. Get your free demo!",False,One-Tap Ecommerce,One-Tap Ecommerce - Turn Inventory into an Online Store,False,1527,1259,-18,0,3,,0,BreadcrumbList ImageObject Organization WebPage WebSite,Organization WebSite
/zatca/,ZATCA-Compliant POS Software | E-Invoicing for KSA,ZATCA-Compliant POS Software | E-Invoicing for KSA,True,"Meet ZATCA Phase 1 & 2 requirements with Hulm's e-invoicing POS. QR codes, real-time reporting, and FATOORA integration for Saudi businesses.","Meet ZATCA Phase 1 & 2 requirements with Hulm's e-invoicing POS. QR codes, real-time reporting, and FATOORA integration for Saudi businesses.",True,ZATCA-Compliant POS Solution,ZATCA-Compliant POS Solution for Saudi Arabia,False,390,960,146,2,1,/purchase-orders/#POcontact,0,BreadcrumbList ImageObject Organization WebPage WebSite,Organization WebSite
