"route","risk","reasons","final_staging_path","staging_status","canonical_matches","production_title","staging_title","title_term_coverage_pct","production_h1","staging_h1","h1_exact","body_vocabulary_retention_pct","production_words","staging_words","word_count_ratio_pct","production_cta_count","staging_cta_count","staging_internal_inlinks","click_depth_from_home","missing_title_terms","missing_heading_terms","production_article_author","staging_article_author","production_date_modified","staging_date_modified"
"/","HIGH","schema type set changed","/","200","true","POS | Best POS Software | Point of Sale Systems in Pakistan","POS | Best POS Software | Point of Sale Systems in Pakistan","100","Best POS Software in Pakistan","Best POS Software in Pakistan","true","100","2726","5462","200.4","8","7","59","0","","vehicle | user | driver | accounting | clothing | store | restaurant | pharmacy | retail | need | assistance | assistence | wait | before","","","",""
"/about","MEDIUM","schema type set changed","/about","200","true","About Us | Our Mission | Our Vission - Hulm Solutions","About Us | Our Mission | Our Vission - Hulm Solutions","100","About Us","About Us","true","100","863","1736","201.2","5","4","59","1","","vehicle | management | user | driver | accounting | pos | system | clothing | store | restaurant | pharmacy | retail | need | assistance | assistence | wait | before","","","",""
"/author","HIGH","schema type set changed","/author","200","true","Author Profile | HULM POS & Business Software Insights","Author Profile | HULM POS & Business Software Insights","100","Aamir Khan","Aamir Khan","true","100","494","988","200","5","4","13","3","","vehicle | management | user | driver | accounting | clothing | store | restaurant | pharmacy | need | assistance | assistence | wait | before","","","",""
"/blog/best-free-pos-software-and-system","MEDIUM","schema type set changed","/blog/best-free-pos-software-and-system","200","true","Best Free POS Software in Pakistan","Best Free POS Software in Pakistan","100","Best Free POS Software","Best Free POS Software","true","78.2","1281","899","70.2","7","6","3","3","","vehicle | management | user | driver | accounting | clothing | store | restaurant | pharmacy | retail | need | assistance | assistence | wait | before","Aamir khan","Aamir khan","2025-12-29T11:34:05+00:00","2025-12-29T11:34:05+00:00"
"/blog/best-point-of-sale-system-for-small-business-in-pakistan","MEDIUM","schema type set changed","/blog/best-point-of-sale-system-for-small-business-in-pakistan","200","true","Best Point of Sale (POS) System for Small Business in Pakistan","Best Point of Sale (POS) System for Small Business in Pakistan","100","Best Point of Sale (POS) System for Small Business in Pakistan","Best Point of Sale (POS) System for Small Business in Pakistan","true","92.5","3783","3401","89.9","14","13","7","2","","vehicle | user | driver | accounting | clothing | store | restaurant | pharmacy | assistance | assistence | wait","Aamir khan","Aamir khan","2026-09-17T11:30:35+00:00","2026-09-17T11:30:35+00:00"
"/blog/best-pos-system-for-retail","MEDIUM","schema type set changed","/blog/best-pos-system-for-retail","200","true","Best POS System for Retail Stores in 2025: Get Free Demo!","Best POS System for Retail Stores in 2025: Get Free Demo!","100","Best POS System for Retail Stores in 2026 – Complete Guide","Best POS System for Retail Stores in 2026 – Complete Guide","true","87.9","2360","1978","83.8","9","8","14","2","","vehicle | management | user | driver | accounting | clothing | restaurant | pharmacy | need | assistance | assistence | wait | before","Aamir khan","Aamir khan","2026-09-08T10:10:05+00:00","2026-09-08T10:10:05+00:00"
"/blog/cloud-pos-software-for-retail-stores","MEDIUM","schema type set changed","/blog/cloud-pos-software-for-retail-stores","200","true","Retail Cloud POS - Cloud POS Software for Retail Stores","Retail Cloud POS - Cloud POS Software for Retail Stores","100","Retail Cloud POS Software for Retail Stores","Retail Cloud POS Software for Retail Stores","true","79.7","1358","976","71.9","6","5","8","3","","vehicle | user | driver | accounting | system | store | restaurant | pharmacy | assistance | assistence | wait | before","Aamir khan","Aamir khan","2025-12-29T11:34:05+00:00","2025-12-29T11:34:05+00:00"
"/blog/how-does-pos-machine-work","MEDIUM","schema type set changed","/blog/how-does-pos-machine-work","200","true","How does a (Point of Sale) POS Machine work?","How does a (Point of Sale) POS Machine work?","100","How does POS Machine work?","How does POS Machine work?","true","82","1527","1145","75","6","5","3","3","","vehicle | management | user | driver | accounting | system | clothing | store | restaurant | pharmacy | retail | need | assistance | assistence | wait | before","Aamir khan","Aamir khan","2025-12-29T11:34:05+00:00","2025-12-29T11:34:05+00:00"
"/blog/pos-reconciliation","MEDIUM","schema type set changed","/blog/pos-reconciliation","200","true","POS Reconciliation: Purpose, Benefits & 7 Steps to Do It Perfectly","POS Reconciliation: Purpose, Benefits & 7 Steps to Do It Perfectly","100","POS Reconciliation: Purpose, Benefits & 7 Steps to Do It Perfectly","POS Reconciliation: Purpose, Benefits & 7 Steps to Do It Perfectly","true","79.9","1665","1283","77.1","7","6","14","2","","vehicle | user | driver | system | clothing | store | restaurant | pharmacy | retail | need | assistance | assistence | wait | before","Aamir khan","Aamir khan","2026-08-10T15:30:35+00:00","2026-08-10T15:30:35+00:00"
"/blog/what-is-a-pos-person-meaning-and-responsibilities","MEDIUM","schema type set changed","/blog/what-is-a-pos-person-meaning-and-responsibilities","200","true","What is a POS Person? Meaning & Responsibilities","What is a POS Person? Meaning & Responsibilities","100","What is a POS Person? Meaning & Responsibilities","What is a POS Person? Meaning & Responsibilities","true","85.5","2052","1670","81.4","8","7","14","2","","vehicle | management | user | driver | accounting | clothing | store | restaurant | pharmacy | retail | need | assistance | assistence | wait | before","Aamir khan","Aamir khan","2026-03-30T14:24:51+00:00","2026-03-30T14:24:51+00:00"
"/blog/what-is-a-pos-purchase","MEDIUM","schema type set changed","/blog/what-is-a-pos-purchase","200","true","What is a POS Purchase? Meaning, Definition & How It Works","What is a POS Purchase? Meaning, Definition & How It Works","100","What is a POS Purchase? Meaning, Definition & How It Works","What is a POS Purchase? Meaning, Definition & How It Works","true","92.9","3693","3311","89.7","6","5","14","2","","vehicle | management | user | driver | accounting | clothing | store | restaurant | pharmacy | retail | need | assistance | assistence | wait | before","Aamir khan","Aamir khan","2026-08-17T11:13:28+00:00","2026-08-17T11:13:28+00:00"
"/blog/what-is-point-of-sale-transaction","MEDIUM","schema type set changed","/blog/what-is-point-of-sale-transaction","200","true","What is Point of sale (POS) Transaction Meaning & Type?","What is Point of sale (POS) Transaction Meaning & Type?","100","What Is Point of Sale (POS)Transaction & Meaning","What Is Point of Sale (POS)Transaction & Meaning","true","84.3","2096","1714","81.8","7","6","8","3","","vehicle | management | user | driver | accounting | clothing | pharmacy | need | assistance | assistence | wait | before","Aamir khan","Aamir khan","2025-12-29T11:34:05+00:00","2025-12-29T11:34:05+00:00"
"/blog/what-is-pos-debit-meaning","MEDIUM","schema type set changed","/blog/what-is-pos-debit-meaning","200","true","What is POS debit meaning (Debit Card POS Explained)","What is POS debit meaning (Debit Card POS Explained)","100","What is POS Debit Meaning & Debit Card POS Transaction?","What is POS Debit Meaning & Debit Card POS Transaction?","true","83.7","2388","2006","84","8","7","14","2","","vehicle | management | user | driver | accounting | system | clothing | store | restaurant | pharmacy | retail | need | assistance | assistence | wait | before","Aamir khan","Aamir khan","2026-09-03T12:24:23+00:00","2026-09-03T12:24:23+00:00"
"/blog/what-is-pos-experience-12-tips-to-satisfy-your-customers","MEDIUM","schema type set changed","/blog/what-is-pos-experience-12-tips-to-satisfy-your-customers","200","true","What is POS Experience​? Meaning & How to improve it?","What is POS Experience​? Meaning & How to improve it?","100","What is POS Experience​? 12 Tips to Satisfy Your Customers in 2025","What is POS Experience​? 12 Tips to Satisfy Your Customers in 2025","true","87.1","2095","1713","81.8","6","5","6","3","","vehicle | management | user | driver | accounting | clothing | store | restaurant | pharmacy | retail | need | assistance | assistence | wait | before","Aamir khan","Aamir khan","2026-03-25T08:10:04+00:00","2026-03-25T08:10:04+00:00"
"/blog/what-is-pos-skills-understand-pos-skill-meaning","MEDIUM","schema type set changed","/blog/what-is-pos-skills-understand-pos-skill-meaning","200","true","What is POS Skills? Learn POS Skill Meaning & Key Skills","What is POS Skills? Learn POS Skill Meaning & Key Skills","100","What is POS skills? Understand POS skill meaning","What is POS skills? Understand POS skill meaning","true","83.7","2010","1628","81","7","6","13","3","","vehicle | management | user | driver | accounting | clothing | store | pharmacy | assistance | assistence | wait | before","Aamir khan","Aamir khan","2026-02-18T08:08:10+00:00","2026-02-18T08:08:10+00:00"
"/blog/what-is-pos","MEDIUM","schema type set changed","/blog/what-is-pos","200","true","What’s a POS system? What does POS mean & How to use POS","What’s a POS system? What does POS mean & How to use POS","100","What is POS System? What does POS mean & How to use POS System?","What is POS System? What does POS mean & How to use POS System?","true","92.2","2709","2327","85.9","9","8","11","3","","vehicle | management | user | driver | accounting | clothing | store | restaurant | pharmacy | retail | need | assistance | assistence | wait | before","Aamir khan","Aamir khan","2025-12-29T11:34:05+00:00","2025-12-29T11:34:05+00:00"
"/blogs","MEDIUM","schema type set changed","/blogs","200","true","Latest Insights & Trends | Hulm Solutions POS Blog","Latest Insights & Trends | Hulm Solutions POS Blog","100","Insight That Drives Impact","Insight That Drives Impact","true","100","354","708","200","5","4","59","1","","vehicle | management | user | driver | accounting | clothing | store | restaurant | pharmacy | need | assistance | assistence | wait | before","","","",""
"/cattle-management-software","HIGH","no internal inlinks from staging sitemap pages | schema type set changed","/cattle-management-software","200","true","Best Cattle Management Software - Hulm Solutions","Best Cattle Management Software - Hulm Solutions","100","Best Cattle Management Software to Simplify Your Farm Operations","Best Cattle Management Software to Simplify Your Farm Operations","true","76.5","1001","1171","117","9","6","0","unreachable","","vehicle | user | driver | accounting | system | clothing | store | restaurant | pharmacy | retail | need | assistance | assistence | professional | invoices | high-value | perfect | digital | records | transaction | receipts | auto-generated | customer | success | stories | we’re | help | thrive | start | managing | smart | way | wait | before","","","",""
"/contact","MEDIUM","schema type set changed","/contact","200","true","Contact with Hulm Solutions Support Team for Any Query","Contact with Hulm Solutions Support Team for Any Query","100","Run your business smarter, faster, better.","Run your business smarter, faster, better.","true","100","67","144","214.9","5","4","59","1","","vehicle | management | user | driver | accounting | pos | system | clothing | store | restaurant | pharmacy | retail | assistance | wait | before","","","",""
"/customer-management","MEDIUM","schema type set changed","/customer-management","200","true","Customer Relationship Management System","Customer Relationship Management System","100","Streamline Your Business with Hulm Customer Relationship Management","Streamline Your Business with Hulm Customer Relationship Management","true","100","939","1888","201.1","10","9","59","1","","vehicle | user | driver | accounting | pos | system | clothing | store | restaurant | pharmacy | retail | need | assistance | assistence | wait | before","","","",""
"/fbr-integrated-pos-pakistan","MEDIUM","schema type set changed","/fbr-integrated-pos-pakistan","200","true","FBR Integrated POS Software in Pakistan | Hulm POS","FBR Integrated POS Software in Pakistan | Hulm POS","100","Best FBR Integrated POS Software in Pakistan","Best FBR Integrated POS Software in Pakistan","true","100","555","1110","200","7","6","59","1","","vehicle | management | user | driver | accounting | clothing | store | restaurant | pharmacy | retail | need | assistance | assistence | wait | before","","","",""
"/features","MEDIUM","schema type set changed","/features","200","true","Hulm POS Software Features for Retail & Restaurants & More!","Hulm POS Software Features for Retail & Restaurants & More!","100","Complete POS System Features for Modern Businesses","Complete POS System Features for Modern Businesses","true","100","1114","2228","200","9","8","59","1","","vehicle | user | driver | accounting | clothing | restaurant | pharmacy | need | assistance | assistence | wait | before","","","",""
"/industries","MEDIUM","schema type set changed","/industries","200","true","POS Software for All (Point of Sale) POS Industries","POS Software for All (Point of Sale) POS Industries","100","HulmPOS Software for All POS Industries","HulmPOS Software for All POS Industries","true","100","1119","2238","200","7","6","59","1","","vehicle | management | user | driver | accounting | system | restaurant | pharmacy | need | assistance | assistence | wait | before","","","",""
"/industries/bakery-pos-system","MEDIUM","schema type set changed","/industries/bakery-pos-system","200","true","Bakery POS System & Software | POS System for Bakery","Bakery POS System & Software | POS System for Bakery","100","HULM Bakery POS System The Secret Ingredient to Your Bakery’s Success","HULM Bakery POS System The Secret Ingredient to Your Bakery’s Success","true","100","1148","2306","200.9","8","7","59","1","","vehicle | management | user | driver | accounting | clothing | store | restaurant | pharmacy | retail | need | assistance | assistence | wait | before","","","",""
"/industries/cafe","MEDIUM","schema type set changed","/industries/cafe","200","true","Cafe Point of Sale | Cafe POS System | Best Cafe POS","Cafe Point of Sale | Cafe POS System | Best Cafe POS","100","Cafe POS System Best POS for Cafe Management","Cafe POS System Best POS for Cafe Management","true","100","1303","2616","200.8","8","7","9","1","","vehicle | user | driver | accounting | clothing | store | restaurant | pharmacy | retail | need | assistance | assistence | wait | before","","","",""
"/industries/clothing-store","MEDIUM","schema type set changed","/industries/clothing-store","200","true","Best POS System for Clothing Store in Pakistan","Best POS System for Clothing Store in Pakistan","100","Clothing Store POS System","Clothing Store POS System","true","100","913","1836","201.1","8","7","9","1","","vehicle | management | user | driver | accounting | restaurant | pharmacy | retail | need | assistance | assistence | wait | before","","","",""
"/industries/electric-store","MEDIUM","schema type set changed","/industries/electric-store","200","true","POS System for electric Store in Pakistan","POS System for electric Store in Pakistan","100","Electric Store POS System","Electric Store POS System","true","100","1007","2024","201","8","7","10","1","","vehicle | management | user | driver | accounting | clothing | restaurant | pharmacy | retail | need | assistance | assistence | wait | before","","","",""
"/industries/furniture-store","MEDIUM","schema type set changed","/industries/furniture-store","200","true","Best POS System for Furniture Store in Pakistan","Best POS System for Furniture Store in Pakistan","100","Best POS System For Furniture Store","Best POS System For Furniture Store","true","100","915","1840","201.1","8","7","8","1","","vehicle | management | user | driver | accounting | clothing | restaurant | pharmacy | retail | need | assistance | assistence | wait | before","","","",""
"/industries/jewellery-shop","MEDIUM","schema type set changed","/industries/jewellery-shop","200","true","Best POS System for Jewelry Store | Jewelry POS System","Best POS System for Jewelry Store | Jewelry POS System","100","Best Jewelry POS System & Software","Best Jewelry POS System & Software","true","100","1269","2548","200.8","8","7","9","1","","vehicle | user | driver | accounting | clothing | restaurant | pharmacy | retail | assistance | assistence | wait | before","","","",""
"/industries/manufacturing-industries","MEDIUM","schema type set changed","/industries/manufacturing-industries","200","true","Pos System For Manufacturer Industries in Pakistan","Pos System For Manufacturer Industries in Pakistan","100","Manufacturing Industry POS System","Manufacturing Industry POS System","true","100","879","1768","201.1","8","7","8","1","","vehicle | management | user | driver | accounting | clothing | store | restaurant | pharmacy | retail | need | assistance | assistence | wait | before","","","",""
"/industries/pharmacy-store","MEDIUM","schema type set changed","/industries/pharmacy-store","200","true","Pharmacy Point of Sale (POS) Systems - Start Free Trial Now!","Pharmacy Point of Sale (POS) Systems - Start Free Trial Now!","100","Pharmacy Point of Sale (POS) Systems","Pharmacy Point of Sale (POS) Systems","true","100","1006","2022","201","8","7","59","1","","vehicle | management | user | driver | accounting | clothing | store | restaurant | retail | need | assistance | assistence | wait | before","","","",""
"/industries/restaurant-pos","MEDIUM","schema type set changed","/industries/restaurant-pos","200","true","Restaurant Point of Sale Software | Best Restaurant POS","Restaurant Point of Sale Software | Best Restaurant POS","100","Restaurant POS Software — The Complete Point of Sale System for Pakistani Restaurants","Restaurant POS Software — The Complete Point of Sale System for Pakistani Restaurants","true","100","1405","2820","200.7","9","8","59","1","","vehicle | management | user | driver | accounting | clothing | store | retail | need | assistance | assistence | wait | before","","","",""
"/industries/retail-store","MEDIUM","schema type set changed","/industries/retail-store","200","true","Best POS Systems for Retail Stores | Get Retail POS Free Demo","Best POS Systems for Retail Stores | Get Retail POS Free Demo","100","Retail Store POS System","Retail Store POS System","true","100","1060","2130","200.9","8","7","59","1","","vehicle | management | user | driver | accounting | clothing | restaurant | pharmacy | need | assistance | assistence | wait | before","","","",""
"/industries/salon-pos","MEDIUM","schema type set changed","/industries/salon-pos","200","true","Salon & Spa POS Software | Hair, Beauty, Nail Salon POS","Salon & Spa POS Software | Hair, Beauty, Nail Salon POS","100","Salon & Spa POS | Salon POS System and Software","Salon & Spa POS | Salon POS System and Software","true","100","1391","2792","200.7","9","8","59","1","","vehicle | management | user | driver | accounting | clothing | store | restaurant | pharmacy | retail | need | assistance | assistence | wait | before","","","",""
"/industries/toys-store","MEDIUM","schema type set changed","/industries/toys-store","200","true","Toy Store Pos System | Pos For Toy Store in Pakistan","Toy Store Pos System | Pos For Toy Store in Pakistan","100","Toy Store POS System & Software in Pakistan","Toy Store POS System & Software in Pakistan","true","100","1323","2656","200.8","9","8","8","1","","vehicle | user | driver | accounting | clothing | restaurant | pharmacy | retail | need | assistance | assistence | wait | before","","","",""
"/integration","MEDIUM","schema type set changed","/integration","200","true","Hulm POS Integration | Rrestaurant & Retail POS Integrations","Hulm POS Integration | Rrestaurant & Retail POS Integrations","100","Hulm POS integration for retail, restaurants, Shopify & more!","Hulm POS integration for retail, restaurants, Shopify & more!","true","100","461","922","200","8","7","59","1","","vehicle | user | driver | system | clothing | restaurant | pharmacy | need | assistance | assistence | wait | before","","","",""
"/inventory-management","MEDIUM","schema type set changed","/inventory-management","200","true","POS Inventory Management Software | Inventory Control Software","POS Inventory Management Software | Inventory Control Software","100","Cloud Based Inventory Management Software","Cloud Based Inventory Management Software","true","100","1548","3106","200.6","10","9","59","1","","vehicle | user | driver | accounting | pos | clothing | store | pharmacy | need | assistance | assistence | wait | before","","","",""
"/logistics-management-software","MEDIUM","body vocabulary retention 57.5% | schema type set changed","/logistics-management-software","200","true","Logistics Management Software | Fleet Tracking Hulm","Logistics Management Software | Fleet Tracking Hulm","100","Logistics Management Software - Complete Operational Control","Logistics Management Software - Complete Operational Control","true","57.5","1088","1027","94.4","9","6","2","2","","user | accounting | clothing | store | restaurant | pharmacy | retail | need | assistance | assistence | easy-to-use | interface | document | challenges | face | today | limited | visibility | across | warehouses | delays | inefficiencies | manual | documentation | compliance | risks | poor | coordination | third-party | providers | rising | works | step | configure | operate | track | optimize | customer | success | stories | we’re | help | thrive | take | operations | wait | before","","","",""
"/mobile-pos","MEDIUM","schema type set changed","/mobile-pos","200","true","Best Mobile POS System | Mobile POS Software - Hulm POS","Best Mobile POS System | Mobile POS Software - Hulm POS","100","Best Mobile POS System for Modern Business","Best Mobile POS System for Modern Business","true","100","1707","3424","200.6","10","10","2","2","","vehicle | management | user | driver | accounting | clothing | store | restaurant | pharmacy | retail | assistance | assistence | wait | before","","","",""
"/order-management","MEDIUM","schema type set changed","/order-management","200","true","Order Management | Order Management System","Order Management | Order Management System","100","Best Order Management Software - Hulm Solutions","Best Order Management Software - Hulm Solutions","true","100","1285","2580","200.8","9","8","5","2","","vehicle | user | driver | accounting | pos | clothing | store | restaurant | pharmacy | retail | need | assistance | assistence | wait | before","","","",""
"/pos-case-studies","MEDIUM","schema type set changed","/pos-case-studies","200","true","POS Case Studies | Real Business Results with Hulm","POS Case Studies | Real Business Results with Hulm","100","POS case studies","POS case studies","true","100","205","410","200","5","4","59","1","","vehicle | management | user | driver | accounting | system | clothing | store | restaurant | pharmacy | retail | need | assistance | assistence | wait | before","","","",""
"/pos-case-studies/cupcake-queen-bakery-pos-qatar","MEDIUM","schema type set changed","/pos-case-studies/cupcake-queen-bakery-pos-qatar","200","true","Cupcake Queen Bakery POS Case Study | Hulm Solutions","Cupcake Queen Bakery POS Case Study | Hulm Solutions","100","Case Study: Cupcake Queen managed Three Branches with Hulm POS","Case Study: Cupcake Queen managed Three Branches with Hulm POS","true","100","838","1676","200","7","6","1","2","","vehicle | management | user | driver | accounting | system | clothing | store | restaurant | pharmacy | retail | need | assistance | assistence | wait | before","","","",""
"/pos-case-studies/farhan-caterers-pos-karachi","MEDIUM","schema type set changed","/pos-case-studies/farhan-caterers-pos-karachi","200","true","Farhan Caterers POS Case Study: Event Catering in Karachi","Farhan Caterers POS Case Study: Event Catering in Karachi","100","Case Study: Hulm POS Makes Management Easy for Farhan Caterers","Case Study: Hulm POS Makes Management Easy for Farhan Caterers","true","100","767","1534","200","7","6","1","2","","vehicle | user | driver | accounting | system | clothing | store | restaurant | pharmacy | retail | need | assistance | assistence | wait | before","","","",""
"/pos-case-studies/implementing-a-pos-system-for-retail-the-laptop-store","MEDIUM","schema type set changed","/pos-case-studies/implementing-a-pos-system-for-retail-the-laptop-store","200","true","Implementation Hulm POS System for Retail: The Laptop Store","Implementation Hulm POS System for Retail: The Laptop Store","100","Case Study: Retail POS Software for The Laptop Store","Case Study: Retail POS Software for The Laptop Store","true","100","723","1446","200","7","6","2","2","","vehicle | management | user | driver | accounting | system | clothing | restaurant | pharmacy | need | assistance | assistence | wait | before","","","",""
"/pos-case-studies/implementing-pos-systems-for-medical-euquipment-industry","MEDIUM","schema type set changed","/pos-case-studies/implementing-pos-systems-for-medical-euquipment-industry","200","true","Medical Equipment POS Case Study | Elate CC & Hulm","Medical Equipment POS Case Study | Elate CC & Hulm","100","Case Study: Implementing POS Systems for Elate CC Pvt Ltd","Case Study: Implementing POS Systems for Elate CC Pvt Ltd","true","100","633","1266","200","6","5","1","2","","vehicle | management | user | driver | accounting | system | clothing | store | restaurant | pharmacy | retail | need | assistance | assistence | wait | before","","","",""
"/pos-case-studies/real-tech-pos-system-karachi","MEDIUM","schema type set changed","/pos-case-studies/real-tech-pos-system-karachi","200","true","Real Tech System POS Case Study: Retail POS in Karachi","Real Tech System POS Case Study: Retail POS in Karachi","100","Case Study: Retail POS Systems for Real Tech System","Case Study: Retail POS Systems for Real Tech System","true","100","639","1278","200","7","6","1","2","","vehicle | management | user | driver | accounting | clothing | store | restaurant | pharmacy | need | assistance | assistence | wait | before","","","",""
"/pos-software-ksa","MEDIUM","schema type set changed","/pos-software-ksa","200","true","POS | Point of Sale Software in Saudi Arabia | POS in KSA","POS | Point of Sale Software in Saudi Arabia | POS in KSA","100","Best Point of Sale in Saudi Arabia | POS Software in KSA","Best Point of Sale in Saudi Arabia | POS Software in KSA","true","100","1723","3446","200","8","7","59","1","","vehicle | user | driver | accounting | clothing | store | restaurant | pharmacy | retail | assistance | assistence | wait | before","","","",""
"/pos-software-qatar","MEDIUM","schema type set changed","/pos-software-qatar","200","true","Point of Sale in Qatar | POS Qatar | POS System Qatar","Point of Sale in Qatar | POS Qatar | POS System Qatar","100","Point of Sale in Qatar | Cloud POS System Qatar","Point of Sale in Qatar | Cloud POS System Qatar","true","100","1681","3362","200","8","7","59","1","","vehicle | user | driver | accounting | clothing | store | restaurant | pharmacy | retail | assistance | assistence | wait | before","","","",""
"/pos-software-uae","MEDIUM","schema type set changed","/pos-software-uae","200","true","Point of Sale Software in UAE | Best POS Software Dubai","Point of Sale Software in UAE | Best POS Software Dubai","100","Restaurant, Retail, Grocery & Salon POS Software in UAE","Restaurant, Retail, Grocery & Salon POS Software in UAE","true","100","1747","3494","200","8","7","59","1","","vehicle | user | driver | accounting | clothing | store | pharmacy | assistance | assistence | wait | before","","","",""
"/pos-software-usa","MEDIUM","schema type set changed","/pos-software-usa","200","true","Best Point of Sale (POS) Software in USA | Hulm POS","Best Point of Sale (POS) Software in USA | Hulm POS","100","Best Point of Sale (POS) Software in USA","Best Point of Sale (POS) Software in USA","true","100","1594","3188","200","8","7","59","1","","vehicle | user | driver | accounting | clothing | store | restaurant | pharmacy | retail | need | assistance | assistence | wait | before","","","",""
"/pricing","MEDIUM","schema type set changed","/pricing","200","true","Hulm POS Software Price in Pakistan | Hulm Solutions","Hulm POS Software Price in Pakistan | Hulm Solutions","100","Simple Pricing for Every Business","Simple Pricing for Every Business","true","100","1420","2840","200","9","8","59","1","","vehicle | management | user | driver | accounting | pos | system | clothing | store | restaurant | pharmacy | retail | need | assistance | assistence | wait | before","","","",""
"/privacy-policy","MEDIUM","schema type set changed","/privacy-policy","200","true","Privacy Policy | HulmSolutions – Protecting Your Privacy","Privacy Policy | HulmSolutions – Protecting Your Privacy","100","Privacy Policy","Privacy Policy","true","100","486","972","200","5","4","59","1","","vehicle | management | user | driver | accounting | pos | system | clothing | store | restaurant | pharmacy | retail | need | assistance | assistence | wait | before","","","",""
"/purchase-orders","MEDIUM","schema type set changed","/purchase-orders","200","true","Purchase Order | Purchase Order Management Software","Purchase Order | Purchase Order Management Software","100","Purchase Order Management Software - PO Software by Hulm","Purchase Order Management Software - PO Software by Hulm","true","100","1291","2592","200.8","10","9","59","1","","vehicle | user | driver | accounting | pos | clothing | store | restaurant | pharmacy | retail | need | assistance | assistence | wait | before","","","",""
"/reporting-module","MEDIUM","schema type set changed","/reporting-module","200","true","Reporting & Analytics Module | POS Insights by Hulm","Reporting & Analytics Module | POS Insights by Hulm","100","Streamline Your Business with Hulm Reporting Module","Streamline Your Business with Hulm Reporting Module","true","100","872","1754","201.1","10","9","59","1","","vehicle | management | user | driver | accounting | pos | system | clothing | store | restaurant | pharmacy | retail | need | assistance | assistence | wait | before","","","",""
"/terms-and-conditions","MEDIUM","schema type set changed","/terms-and-conditions","200","true","Terms & Conditions | HulmSolutions – Know Your Rights","Terms & Conditions | HulmSolutions – Know Your Rights","100","Terms and Conditions","Terms and Conditions","true","100","547","1094","200","5","4","59","1","","vehicle | management | user | driver | accounting | pos | system | clothing | store | restaurant | pharmacy | retail | need | assistance | assistence | wait | before","","","",""
"/vendors-management","MEDIUM","schema type set changed","/vendors-management","200","true","Vendor Management System | Supplier Tools by Hulm","Vendor Management System | Supplier Tools by Hulm","100","Streamline Your Business with Hulm Vendor Management System","Streamline Your Business with Hulm Vendor Management System","true","100","907","1824","201.1","10","9","3","4","","vehicle | user | driver | accounting | pos | clothing | store | restaurant | pharmacy | retail | need | assistance | assistence | wait | before","","","",""
"/website","MEDIUM","schema type set changed","/website","200","true","One-Click Ecommerce Store | Launch Your Shop Instantly","One-Click Ecommerce Store | Launch Your Shop Instantly","100","One-Tap Ecommerce","One-Tap Ecommerce","true","100","1521","3052","200.7","9","8","1","2","","vehicle | management | user | driver | accounting | system | clothing | restaurant | pharmacy | retail | assistance | assistence | wait | before","","","",""
"/zatca","HIGH","no internal inlinks from staging sitemap pages | schema type set changed","/zatca","200","true","ZATCA-Compliant POS Software | E-Invoicing for KSA","ZATCA-Compliant POS Software | E-Invoicing for KSA","100","ZATCA-Compliant POS Solution","ZATCA-Compliant POS Solution","true","100","377","764","202.7","10","9","0","unreachable","","vehicle | management | user | driver | accounting | system | clothing | store | restaurant | pharmacy | retail | assistance | assistence | wait | before","","","",""